id,title,description,availability,condition,price,link,image_link,brand,google_product_category,fb_product_category
1dd-aashirvaad-shudh-chakki-whole-wheat-atta-1-kg-r13,Aata | Aashirvaad | 1 kg,Aata | Aashirvaad | 1 kg. Fresh quality atta & flour available for fast 1-day home delivery across town at best price ₹60.,in stock,new,60.00 INR,https://1dd.web.app/?item=1dd-aashirvaad-shudh-chakki-whole-wheat-atta-1-kg-r13,https://1dd.web.app/images/products/Aata%20%7C%20Aashirvaad%20%7C%201%20kg.jpg,Aashirvaad,"Food, Beverages & Tobacco > Food Items > Cooking & Baking Ingredients > Flour",
1dd-aashirvaad-shudh-chakki-whole-wheat-atta-2kg-r14,Aata | Aashirvaad | 2kg,Aata | Aashirvaad | 2kg. Fresh quality atta & flour available for fast 1-day home delivery across town at best price ₹120.,in stock,new,120.00 INR,https://1dd.web.app/?item=1dd-aashirvaad-shudh-chakki-whole-wheat-atta-2kg-r14,https://1dd.web.app/images/products/Aata%20%7C%20Aashirvaad%20%7C%202kg.jpg,Aashirvaad,"Food, Beverages & Tobacco > Food Items > Cooking & Baking Ingredients > Flour",
1dd-fortune-chakki-fresh-wheat-atta-1-kg-r15,Aata | Fortune Chakki Fresh | 1 kg,Aata | Fortune Chakki Fresh | 1 kg. Fresh quality atta & flour available for fast 1-day home delivery across town at best price ₹50.,in stock,new,50.00 INR,https://1dd.web.app/?item=1dd-fortune-chakki-fresh-wheat-atta-1-kg-r15,https://1dd.web.app/images/products/Aata%20%7C%20Fortune%20Chakki%20Fresh%20%7C%201%20kg.jpg,Fortune,"Food, Beverages & Tobacco > Food Items > Cooking & Baking Ingredients > Flour",
1dd-fresh-chakki-atta-loose-khula-1-kg-r16,Aata | Loose Atta | 1 kg,Aata | Loose Atta | 1 kg. Fresh quality atta & flour available for fast 1-day home delivery across town at best price ₹40.,in stock,new,40.00 INR,https://1dd.web.app/?item=1dd-fresh-chakki-atta-loose-khula-1-kg-r16,https://1dd.web.app/images/products/Aata%20%7C%20Loose%20Atta%20%7C%201%20kg.jpeg,Local Chakki,"Food, Beverages & Tobacco > Food Items > Cooking & Baking Ingredients > Flour",
1dd-eveready-aa-big-pencil-batteries-2-pieces-r102,Battery | Eveready AA (Big) | 2 pieces,Battery | Eveready AA (Big) | 2 pieces. Fresh quality batteries & electricals available for fast 1-day home delivery across town at best price ₹20.,in stock,new,20.00 INR,https://1dd.web.app/?item=1dd-eveready-aa-big-pencil-batteries-2-pieces-r102,https://1dd.web.app/images/products/Battery%20%7C%20Eveready%20AA%20(Big)%20%7C%202%20pieces.jpg,Eveready,Electronics > Electronics Accessories > Power > Batteries,
1dd-eveready-aaa-small-pencil-batteries-1packet-r101,Battery | Eveready AAA (Small) | 1packet,Battery | Eveready AAA (Small) | 1packet. Fresh quality batteries & electricals available for fast 1-day home delivery across town at best price ₹15.,in stock,new,15.00 INR,https://1dd.web.app/?item=1dd-eveready-aaa-small-pencil-batteries-1packet-r101,https://1dd.web.app/images/products/Battery%20%7C%20Eveready%20AAA%20(Small)%20%7C%201packet.jpg,Eveready,Electronics > Electronics Accessories > Power > Batteries,
1dd-fortune-100-chana-dal-besan-500g-r29,Besan | Fortune | 500g,Besan | Fortune | 500g. Fresh quality breakfast & staples available for fast 1-day home delivery across town at best price ₹50.,in stock,new,50.00 INR,https://1dd.web.app/?item=1dd-fortune-100-chana-dal-besan-500g-r29,https://1dd.web.app/images/products/Besan%20%7C%20Fortune%20%7C%20500g.png,Fortune,"Food, Beverages & Tobacco > Food Items > Grains, Rice & Cereal",
1dd-bikaji-aslee-bikaneri-bhujia-200g-r125,Bikaji | Bhujia | 200g,Bikaji | Bhujia | 200g. Fresh quality namkeen & snacks available for fast 1-day home delivery across town at best price ₹60.,in stock,new,60.00 INR,https://1dd.web.app/?item=1dd-bikaji-aslee-bikaneri-bhujia-200g-r125,https://1dd.web.app/images/products/Bikaji%20%7C%20Bhujia%20%7C%20200g.jpg,Bikaji,"Food, Beverages & Tobacco > Food Items > Snack Foods > Chips, Pretzels & Puffs",
1dd-bikaji-kolkata-special-jhal-chanachur-200g-r129,Bikaji | Kolkata Jhal | 200g,Bikaji | Kolkata Jhal | 200g. Fresh quality namkeen & snacks available for fast 1-day home delivery across town at best price ₹60.,in stock,new,60.00 INR,https://1dd.web.app/?item=1dd-bikaji-kolkata-special-jhal-chanachur-200g-r129,https://1dd.web.app/images/products/Bikaji%20%7C%20Kolkata%20Jhal%20%7C%20200g.jpg,Bikaji,"Food, Beverages & Tobacco > Food Items > Snack Foods > Chips, Pretzels & Puffs",
1dd-bikaji-kuch-kuch-all-in-one-mixture-200g-r127,Bikaji | Kuch Kuch | 200g,Bikaji | Kuch Kuch | 200g. Fresh quality namkeen & snacks available for fast 1-day home delivery across town at best price ₹60.,in stock,new,60.00 INR,https://1dd.web.app/?item=1dd-bikaji-kuch-kuch-all-in-one-mixture-200g-r127,https://1dd.web.app/images/products/Bikaji%20%7C%20Kuch%20Kuch%20%7C%20200g.jpg,Bikaji,"Food, Beverages & Tobacco > Food Items > Snack Foods > Chips, Pretzels & Puffs",
1dd-bikaji-sab-kuch-navratna-mixture-200g-r128,Bikaji | Sab Kuch | 200g,Bikaji | Sab Kuch | 200g. Fresh quality namkeen & snacks available for fast 1-day home delivery across town at best price ₹60.,in stock,new,60.00 INR,https://1dd.web.app/?item=1dd-bikaji-sab-kuch-navratna-mixture-200g-r128,https://1dd.web.app/images/products/Bikaji%20%7C%20Sab%20Kuch%20%7C%20200g.png,Bikaji,"Food, Beverages & Tobacco > Food Items > Snack Foods > Chips, Pretzels & Puffs",
1dd-anmol-khasta-crispy-biscuits-r113,Biscuit | Anmol (Khasta) | Standard,Biscuit | Anmol (Khasta) | Standard. Fresh quality biscuits & bakery available for fast 1-day home delivery across town at best price ₹20.,in stock,new,20.00 INR,https://1dd.web.app/?item=1dd-anmol-khasta-crispy-biscuits-r113,https://1dd.web.app/images/products/Biscuit%20%7C%20Anmol%20(Khasta)%20%7C%20Standard.jpg,Anmol,"Food, Beverages & Tobacco > Food Items > Snack Foods > Cookies & Biscuits",
1dd-anmol-salty-crispy-biscuits-r111,Biscuit | Anmol (Salty) | Standard,Biscuit | Anmol (Salty) | Standard. Fresh quality biscuits & bakery available for fast 1-day home delivery across town at best price ₹20.,in stock,new,20.00 INR,https://1dd.web.app/?item=1dd-anmol-salty-crispy-biscuits-r111,https://1dd.web.app/images/products/Biscuit%20%7C%20Anmol%20(Salty)%20%7C%20Standard.png,Anmol,"Food, Beverages & Tobacco > Food Items > Snack Foods > Cookies & Biscuits",
1dd-anmol-sugarfree-crispy-biscuits-r114,Biscuit | Anmol (SugarFree) | Standard,Biscuit | Anmol (SugarFree) | Standard. Fresh quality biscuits & bakery available for fast 1-day home delivery across town at best price ₹20.,in stock,new,20.00 INR,https://1dd.web.app/?item=1dd-anmol-sugarfree-crispy-biscuits-r114,https://1dd.web.app/images/products/Biscuit%20%7C%20Anmol%20(SugarFree)%20%7C%20Standard.jpg,Anmol,"Food, Beverages & Tobacco > Food Items > Snack Foods > Cookies & Biscuits",
1dd-anmol-sweet-crispy-biscuits-r112,Biscuit | Anmol (Sweet) | Standard,Biscuit | Anmol (Sweet) | Standard. Fresh quality biscuits & bakery available for fast 1-day home delivery across town at best price ₹20.,in stock,new,20.00 INR,https://1dd.web.app/?item=1dd-anmol-sweet-crispy-biscuits-r112,https://1dd.web.app/images/products/Biscuit%20%7C%20Anmol%20(Sweet)%20%7C%20Standard.jpg,Anmol,"Food, Beverages & Tobacco > Food Items > Snack Foods > Cookies & Biscuits",
1dd-britannia-good-day-rich-butter-cookies-family-pack-r115,Biscuit | Britannia Good Day | Standard,Biscuit | Britannia Good Day | Standard. Fresh quality biscuits & bakery available for fast 1-day home delivery across town at best price ₹40.,in stock,new,40.00 INR,https://1dd.web.app/?item=1dd-britannia-good-day-rich-butter-cookies-family-pack-r115,https://1dd.web.app/images/products/Biscuit%20%7C%20Britannia%20Good%20Day%20%7C%20Standard.jpg,Britannia,"Food, Beverages & Tobacco > Food Items > Snack Foods > Cookies & Biscuits",
1dd-britannia-marie-gold-tea-biscuits-big-pack-r109,Biscuit | Britannia Marie Gold | Big,Biscuit | Britannia Marie Gold | Big. Fresh quality biscuits & bakery available for fast 1-day home delivery across town at best price ₹40.,in stock,new,40.00 INR,https://1dd.web.app/?item=1dd-britannia-marie-gold-tea-biscuits-big-pack-r109,https://1dd.web.app/images/products/Biscuit%20%7C%20Britannia%20Marie%20Gold%20%7C%20Big.png,Britannia,"Food, Beverages & Tobacco > Food Items > Snack Foods > Cookies & Biscuits",
1dd-britannia-marie-gold-tea-biscuits-small-pack-r108,Biscuit | Britannia Marie Gold | Small,Biscuit | Britannia Marie Gold | Small. Fresh quality biscuits & bakery available for fast 1-day home delivery across town at best price ₹10.,in stock,new,10.00 INR,https://1dd.web.app/?item=1dd-britannia-marie-gold-tea-biscuits-small-pack-r108,https://1dd.web.app/images/products/Biscuit%20%7C%20Britannia%20Marie%20Gold%20%7C%20Small.webp,Britannia,"Food, Beverages & Tobacco > Food Items > Snack Foods > Cookies & Biscuits",
1dd-britannia-nutrichoice-digestive-high-fibre-biscuits-big-r118,Biscuit | Britannia NutriChoice | Big,Biscuit | Britannia NutriChoice | Big. Fresh quality biscuits & bakery available for fast 1-day home delivery across town at best price ₹50.,in stock,new,50.00 INR,https://1dd.web.app/?item=1dd-britannia-nutrichoice-digestive-high-fibre-biscuits-big-r118,https://1dd.web.app/images/products/Biscuit%20%7C%20Britannia%20NutriChoice%20%7C%20Big.jpg,Britannia,"Food, Beverages & Tobacco > Food Items > Snack Foods > Cookies & Biscuits",
1dd-britannia-nutrichoice-digestive-high-fibre-biscuits-small-r117,Biscuit | Britannia NutriChoice | Small,Biscuit | Britannia NutriChoice | Small. Fresh quality biscuits & bakery available for fast 1-day home delivery across town at best price ₹20.,in stock,new,20.00 INR,https://1dd.web.app/?item=1dd-britannia-nutrichoice-digestive-high-fibre-biscuits-small-r117,https://1dd.web.app/images/products/Biscuit%20%7C%20Britannia%20NutriChoice%20%7C%20Small.png,Britannia,"Food, Beverages & Tobacco > Food Items > Snack Foods > Cookies & Biscuits",
1dd-britannia-toastea-premium-crispy-bake-rusk-r121,Biscuit | Britannia Premium Rusk | Standard,Biscuit | Britannia Premium Rusk | Standard. Fresh quality biscuits & bakery available for fast 1-day home delivery across town at best price ₹40.,in stock,new,40.00 INR,https://1dd.web.app/?item=1dd-britannia-toastea-premium-crispy-bake-rusk-r121,https://1dd.web.app/images/products/Biscuit%20%7C%20Britannia%20Premium%20Rusk%20%7C%20Standard.jpg,Britannia,"Food, Beverages & Tobacco > Food Items > Snack Foods > Cookies & Biscuits",
1dd-britannia-top-gold-butter-crackers-standard-r110,Biscuit | Britannia Top Gold | Standard,Biscuit | Britannia Top Gold | Standard. Fresh quality biscuits & bakery available for fast 1-day home delivery across town at best price ₹30.,in stock,new,30.00 INR,https://1dd.web.app/?item=1dd-britannia-top-gold-butter-crackers-standard-r110,https://1dd.web.app/images/products/Biscuit%20%7C%20Britannia%20Top%20Gold%20%7C%20Standard.jpg,Britannia,"Food, Beverages & Tobacco > Food Items > Snack Foods > Cookies & Biscuits",
1dd-malkist-crunchy-cheese-butter-crackers-r116,Biscuit | Malkist | Standard,Biscuit | Malkist | Standard. Fresh quality biscuits & bakery available for fast 1-day home delivery across town at best price ₹55.,in stock,new,55.00 INR,https://1dd.web.app/?item=1dd-malkist-crunchy-cheese-butter-crackers-r116,https://1dd.web.app/images/products/Biscuit%20%7C%20Malkist%20%7C%20Standard.jpg,Malkist,"Food, Beverages & Tobacco > Food Items > Snack Foods > Cookies & Biscuits",
1dd-parle-g-original-gluco-biscuits-standard-r120,Biscuit | Parle-G | Standard,Biscuit | Parle-G | Standard. Fresh quality biscuits & bakery available for fast 1-day home delivery across town at best price ₹10.,in stock,new,10.00 INR,https://1dd.web.app/?item=1dd-parle-g-original-gluco-biscuits-standard-r120,https://1dd.web.app/images/products/Biscuit%20%7C%20Parle-G%20%7C%20Standard.jpg,Parle,"Food, Beverages & Tobacco > Food Items > Snack Foods > Cookies & Biscuits",
1dd-crispy-sweet-toast-rusk-sweet-r119,Biscuit | Sweet Toast Rusk | Standard,Biscuit | Sweet Toast Rusk | Standard. Fresh quality biscuits & bakery available for fast 1-day home delivery across town at best price ₹50.,in stock,new,50.00 INR,https://1dd.web.app/?item=1dd-crispy-sweet-toast-rusk-sweet-r119,https://1dd.web.app/images/products/Biscuit%20%7C%20Sweet%20Toast%20Rusk%20%7C%20Standard.jpg,Bakery Fresh,"Food, Beverages & Tobacco > Food Items > Snack Foods > Cookies & Biscuits",
1dd-cycle-fragrant-agarbatti-incense-sticks-1-dozen-r49,Dhup | Cycle Pure | 1 Dozen,Dhup | Cycle Pure | 1 Dozen. Fresh quality incense & agarbatti available for fast 1-day home delivery across town at best price ₹100.,in stock,new,100.00 INR,https://1dd.web.app/?item=1dd-cycle-fragrant-agarbatti-incense-sticks-1-dozen-r49,https://1dd.web.app/images/products/Dhup%20%7C%20Cycle%20Pure%20%7C%201%20Dozen.jpeg,Cycle,Home & Garden > Decor > Home Fragrances > Incense,
1dd-zed-black-premium-agarbatti-incense-sticks-1-packet-r50,Dhup | Zed Black | 1 Packet,Dhup | Zed Black | 1 Packet. Fresh quality incense & agarbatti available for fast 1-day home delivery across town at best price ₹10.,in stock,new,10.00 INR,https://1dd.web.app/?item=1dd-zed-black-premium-agarbatti-incense-sticks-1-packet-r50,https://1dd.web.app/images/products/Dhup%20%7C%20Zed%20Black%20%7C%201%20Packet.jpeg,Zed Black,Home & Garden > Decor > Home Fragrances > Incense,
1dd-disposable-paper-curry-bowls-bati-25-pieces-r86,Disposable | Bati | 25 pieces,Disposable | Bati | 25 pieces. Fresh quality disposable tableware available for fast 1-day home delivery across town at best price ₹30.,in stock,new,30.00 INR,https://1dd.web.app/?item=1dd-disposable-paper-curry-bowls-bati-25-pieces-r86,https://1dd.web.app/images/products/Disposable%20%7C%20Bati%20%7C%2025%20pieces.jpg,Party Choice,Home & Garden > Kitchen & Dining > Disposable Tableware,
1dd-disposable-paper-tea-coffee-cups-50-pieces-r85,Disposable | Coffee Cup | 50 pieces,Disposable | Coffee Cup | 50 pieces. Fresh quality disposable tableware available for fast 1-day home delivery across town at best price ₹25.,in stock,new,25.00 INR,https://1dd.web.app/?item=1dd-disposable-paper-tea-coffee-cups-50-pieces-r85,https://1dd.web.app/images/products/Disposable%20%7C%20Coffee%20Cup%20%7C%2050%20pieces.jpg,Party Choice,Home & Garden > Kitchen & Dining > Disposable Tableware,
1dd-disposable-paper-party-plates-dishes-16p-r84,Disposable | Dish | 16p,Disposable | Dish | 16p. Fresh quality disposable tableware available for fast 1-day home delivery across town at best price ₹25.,in stock,new,25.00 INR,https://1dd.web.app/?item=1dd-disposable-paper-party-plates-dishes-16p-r84,https://1dd.web.app/images/products/Disposable%20%7C%20Dish%20%7C%2016p.jpg,Party Choice,Home & Garden > Kitchen & Dining > Disposable Tableware,
1dd-disposable-transparent-drinking-glasses-70p-r83,Disposable | Glass | 70p,Disposable | Glass | 70p. Fresh quality disposable tableware available for fast 1-day home delivery across town at best price ₹40.,in stock,new,40.00 INR,https://1dd.web.app/?item=1dd-disposable-transparent-drinking-glasses-70p-r83,https://1dd.web.app/images/products/Disposable%20%7C%20Glass%20%7C%2070p.jpg,Party Choice,Home & Garden > Kitchen & Dining > Disposable Tableware,
1dd-pure-distilled-inverter-battery-water-750ml-r98,Distilled Water | Battery Water | 750ml,Distilled Water | Battery Water | 750ml. Fresh quality home & hygiene available for fast 1-day home delivery across town at best price ₹15.,in stock,new,15.00 INR,https://1dd.web.app/?item=1dd-pure-distilled-inverter-battery-water-750ml-r98,https://1dd.web.app/images/products/Distilled%20Water%20%7C%20Battery%20Water%20%7C%20750ml.jpg,BatteryCare,Home & Garden > Household Supplies > Household Cleaning Supplies,
1dd-fresh-farm-chicken-eggs-tray-of-30-eggs-1-plate-r52,Egg | Farm Fresh | 1Plate,Egg | Farm Fresh | 1Plate. Fresh quality dairy & eggs available for fast 1-day home delivery across town at best price ₹210.,in stock,new,210.00 INR,https://1dd.web.app/?item=1dd-fresh-farm-chicken-eggs-tray-of-30-eggs-1-plate-r52,https://1dd.web.app/images/products/Egg%20%7C%20Farm%20Fresh%20%7C%201Plate.jpg,Farm Fresh,"Food, Beverages & Tobacco > Dairy Products > Eggs",
1dd-fresh-farm-chicken-eggs-pack-of-4-2-pairs-r53,Egg | Farm Fresh | 4 Pieces (১ হাল),Egg | Farm Fresh | 4 Pieces (১ হাল). Fresh quality dairy & eggs available for fast 1-day home delivery across town at best price ₹15.,in stock,new,15.00 INR,https://1dd.web.app/?item=1dd-fresh-farm-chicken-eggs-pack-of-4-2-pairs-r53,https://1dd.web.app/images/products/Egg%20%7C%20Farm%20Fresh%20%7C%204%20Pieces%20(%E0%A7%A7%20%E0%A6%B9%E0%A6%BE%E0%A6%B2).jpg,Farm Fresh,"Food, Beverages & Tobacco > Dairy Products > Eggs",
1dd-annapurna-pure-desi-cow-ghee-100g-r93,Ghee | Annapurna | 100g,Ghee | Annapurna | 100g. Fresh quality pure ghee available for fast 1-day home delivery across town at best price ₹90.,in stock,new,90.00 INR,https://1dd.web.app/?item=1dd-annapurna-pure-desi-cow-ghee-100g-r93,https://1dd.web.app/images/products/Ghee%20%7C%20Annapurna%20%7C%20100g.jpg,Annapurna,"Food, Beverages & Tobacco > Dairy Products > Butter & Margarine",
1dd-annapurna-pure-desi-cow-ghee-250-g-r94,Ghee | Annapurna | 250 g,Ghee | Annapurna | 250 g. Fresh quality pure ghee available for fast 1-day home delivery across town at best price ₹200.,in stock,new,200.00 INR,https://1dd.web.app/?item=1dd-annapurna-pure-desi-cow-ghee-250-g-r94,https://1dd.web.app/images/products/Ghee%20%7C%20Annapurna%20%7C%20250%20g.jpg,Annapurna,"Food, Beverages & Tobacco > Dairy Products > Butter & Margarine",
1dd-annapurna-pure-desi-cow-ghee-500g-r95,Ghee | Annapurna | 500g,Ghee | Annapurna | 500g. Fresh quality pure ghee available for fast 1-day home delivery across town at best price ₹400.,in stock,new,400.00 INR,https://1dd.web.app/?item=1dd-annapurna-pure-desi-cow-ghee-500g-r95,https://1dd.web.app/images/products/Ghee%20%7C%20Annapurna%20%7C%20500g.jpg,Annapurna,"Food, Beverages & Tobacco > Dairy Products > Butter & Margarine",
1dd-annapurna-pure-desi-cow-ghee-50g-r92,Ghee | Annapurna | 50g,Ghee | Annapurna | 50g. Fresh quality pure ghee available for fast 1-day home delivery across town at best price ₹50.,in stock,new,50.00 INR,https://1dd.web.app/?item=1dd-annapurna-pure-desi-cow-ghee-50g-r92,https://1dd.web.app/images/products/Ghee%20%7C%20Annapurna%20%7C%2050g.jpg,Annapurna,"Food, Beverages & Tobacco > Dairy Products > Butter & Margarine",
1dd-kabuli-chana-white-chickpeas-chhole-1-kg-r19,Grams | Kabuli Chana | 1 kg,Grams | Kabuli Chana | 1 kg. Fresh quality grams & whole pulses available for fast 1-day home delivery across town at best price ₹120.,in stock,new,120.00 INR,https://1dd.web.app/?item=1dd-kabuli-chana-white-chickpeas-chhole-1-kg-r19,https://1dd.web.app/images/products/Grams%20%7C%20Kabuli%20Chana%20%7C%201%20kg.jpg,Daily Fresh,"Food, Beverages & Tobacco > Food Items > Grains, Rice & Cereal",
1dd-kala-chana-boot-brown-chickpeas-1-kg-r17,Grams | Kala Chana (কলা বুট) | 1 kg,Grams | Kala Chana (কলা বুট) | 1 kg. Fresh quality grams & whole pulses available for fast 1-day home delivery across town at best price ₹85.,in stock,new,85.00 INR,https://1dd.web.app/?item=1dd-kala-chana-boot-brown-chickpeas-1-kg-r17,https://1dd.web.app/images/products/Grams%20%7C%20Kala%20Chana%20(%E0%A6%95%E0%A6%B2%E0%A6%BE%20%E0%A6%AC%E0%A7%81%E0%A6%9F)%20%7C%201%20kg.jpeg,Daily Fresh,"Food, Beverages & Tobacco > Food Items > Grains, Rice & Cereal",
1dd-kashmiri-red-rajma-kidney-beans-1-kg-r20,Grams | Kashmiri Rajma | 1 kg,Grams | Kashmiri Rajma | 1 kg. Fresh quality grams & whole pulses available for fast 1-day home delivery across town at best price ₹150.,in stock,new,150.00 INR,https://1dd.web.app/?item=1dd-kashmiri-red-rajma-kidney-beans-1-kg-r20,https://1dd.web.app/images/products/Grams%20%7C%20Kashmiri%20Rajma%20%7C%201%20kg.jpg,Daily Fresh,"Food, Beverages & Tobacco > Food Items > Grains, Rice & Cereal",
1dd-lobia-chawli-black-eyed-peas-1-kg-r22,Grams | Lobia (লবিয়া) | 1 kg,Grams | Lobia (লবিয়া) | 1 kg. Fresh quality grams & whole pulses available for fast 1-day home delivery across town at best price ₹120.,in stock,new,120.00 INR,https://1dd.web.app/?item=1dd-lobia-chawli-black-eyed-peas-1-kg-r22,https://1dd.web.app/images/products/Grams%20%7C%20Lobia%20(%E0%A6%B2%E0%A6%AC%E0%A6%BF%E0%A6%AF%E0%A6%BC%E0%A6%BE)%20%7C%201%20kg.jpeg,Daily Fresh,"Food, Beverages & Tobacco > Food Items > Grains, Rice & Cereal",
1dd-sabut-moong-guta-mogu-whole-green-gram-1-kg-r21,Grams | Sabut Moong (গোটা মগু) | 1 kg,Grams | Sabut Moong (গোটা মগু) | 1 kg. Fresh quality grams & whole pulses available for fast 1-day home delivery across town at best price ₹120.,in stock,new,120.00 INR,https://1dd.web.app/?item=1dd-sabut-moong-guta-mogu-whole-green-gram-1-kg-r21,https://1dd.web.app/images/products/Grams%20%7C%20Sabut%20Moong%20(%E0%A6%97%E0%A7%8B%E0%A6%9F%E0%A6%BE%20%E0%A6%AE%E0%A6%97%E0%A7%81)%20%7C%201%20kg.jpeg,Daily Fresh,"Food, Beverages & Tobacco > Food Items > Grains, Rice & Cereal",
1dd-white-peas-motor-safed-matar-1-kg-r18,Grams | White Peas (বগা মটৰ) | 1 kg,Grams | White Peas (বগা মটৰ) | 1 kg. Fresh quality grams & whole pulses available for fast 1-day home delivery across town at best price ₹60.,in stock,new,60.00 INR,https://1dd.web.app/?item=1dd-white-peas-motor-safed-matar-1-kg-r18,https://1dd.web.app/images/products/Grams%20%7C%20White%20Peas%20(%E0%A6%AC%E0%A6%97%E0%A6%BE%20%E0%A6%AE%E0%A6%9F%E0%A7%B0)%20%7C%201%20kg.jpg,Daily Fresh,"Food, Beverages & Tobacco > Food Items > Grains, Rice & Cereal",
1dd-whole-carom-seeds-ajwain-100-g-r78,Guta Masala | Ajwain | 100 g,Guta Masala | Ajwain | 100 g. Fresh quality whole spices (guta masala) available for fast 1-day home delivery across town at best price ₹40.,in stock,new,40.00 INR,https://1dd.web.app/?item=1dd-whole-carom-seeds-ajwain-100-g-r78,https://1dd.web.app/images/products/Guta%20Masala%20%7C%20Ajwain%20%7C%20100%20g.jpg,Daily Fresh,"Food, Beverages & Tobacco > Food Items > Seasonings & Spices",
1dd-whole-coriander-seeds-sabut-dhania-100-g-r76,Guta Masala | Dhania | 100 g,Guta Masala | Dhania | 100 g. Fresh quality whole spices (guta masala) available for fast 1-day home delivery across town at best price ₹25.,in stock,new,25.00 INR,https://1dd.web.app/?item=1dd-whole-coriander-seeds-sabut-dhania-100-g-r76,https://1dd.web.app/images/products/Guta%20Masala%20%7C%20Dhania%20%7C%20100%20g.webp,Daily Fresh,"Food, Beverages & Tobacco > Food Items > Seasonings & Spices",
1dd-whole-garam-masala-cardamom-cinnamon-cloves-20g-r82,Guta Masala | Garam Masala | 20g,Guta Masala | Garam Masala | 20g. Fresh quality whole spices (guta masala) available for fast 1-day home delivery across town at best price ₹10.,in stock,new,10.00 INR,https://1dd.web.app/?item=1dd-whole-garam-masala-cardamom-cinnamon-cloves-20g-r82,https://1dd.web.app/images/products/Guta%20Masala%20%7C%20Garam%20Masala%20%7C%2020g.jpg,Daily Fresh,"Food, Beverages & Tobacco > Food Items > Seasonings & Spices",
1dd-whole-cumin-seeds-sabut-jeera-100-g-r75,Guta Masala | Jeera | 100 g,Guta Masala | Jeera | 100 g. Fresh quality whole spices (guta masala) available for fast 1-day home delivery across town at best price ₹40.,in stock,new,40.00 INR,https://1dd.web.app/?item=1dd-whole-cumin-seeds-sabut-jeera-100-g-r75,https://1dd.web.app/images/products/Guta%20Masala%20%7C%20Jeera%20%7C%20100%20g.jpeg,Daily Fresh,"Food, Beverages & Tobacco > Food Items > Seasonings & Spices",
1dd-whole-cumin-seeds-sabut-jeera-100-g-r79,Guta Masala | Kala Jeera | 100 g,Guta Masala | Kala Jeera | 100 g. Fresh quality whole spices (guta masala) available for fast 1-day home delivery across town at best price ₹40.,in stock,new,40.00 INR,https://1dd.web.app/?item=1dd-whole-cumin-seeds-sabut-jeera-100-g-r79,https://1dd.web.app/images/products/Guta%20Masala%20%7C%20Kala%20Jeera%20%7C%20100%20g.jpg,Daily Fresh,"Food, Beverages & Tobacco > Food Items > Seasonings & Spices",
1dd-whole-fenugreek-seeds-methi-dana-100-g-r80,Guta Masala | Methi | 100 g,Guta Masala | Methi | 100 g. Fresh quality whole spices (guta masala) available for fast 1-day home delivery across town at best price ₹20.,in stock,new,20.00 INR,https://1dd.web.app/?item=1dd-whole-fenugreek-seeds-methi-dana-100-g-r80,https://1dd.web.app/images/products/Guta%20Masala%20%7C%20Methi%20%7C%20100%20g.jpg,Daily Fresh,"Food, Beverages & Tobacco > Food Items > Seasonings & Spices",
1dd-whole-fennel-seeds-saunf-100-g-r77,Guta Masala | Mouri | 100 g,Guta Masala | Mouri | 100 g. Fresh quality whole spices (guta masala) available for fast 1-day home delivery across town at best price ₹25.,in stock,new,25.00 INR,https://1dd.web.app/?item=1dd-whole-fennel-seeds-saunf-100-g-r77,https://1dd.web.app/images/products/Guta%20Masala%20%7C%20Mouri%20%7C%20100%20g.jpg,Daily Fresh,"Food, Beverages & Tobacco > Food Items > Seasonings & Spices",
1dd-traditional-panch-phoron-5-spice-blend-100-g-r81,Guta Masala | Panchphoron | 100 g,Guta Masala | Panchphoron | 100 g. Fresh quality whole spices (guta masala) available for fast 1-day home delivery across town at best price ₹20.,in stock,new,20.00 INR,https://1dd.web.app/?item=1dd-traditional-panch-phoron-5-spice-blend-100-g-r81,https://1dd.web.app/images/products/Guta%20Masala%20%7C%20Panchphoron%20%7C%20100%20g.jpg,Daily Fresh,"Food, Beverages & Tobacco > Food Items > Seasonings & Spices",
1dd-godrej-expert-rich-cr-me-hair-colour-natural-black-1-pack-r99,Hair Colour | Godrej | 1 pack,Hair Colour | Godrej | 1 pack. Fresh quality hair colour available for fast 1-day home delivery across town at best price ₹20.,in stock,new,20.00 INR,https://1dd.web.app/?item=1dd-godrej-expert-rich-cr-me-hair-colour-natural-black-1-pack-r99,https://1dd.web.app/images/products/Hair%20Colour%20%7C%20Godrej%20%7C%201%20pack.jpg,Godrej,Health & Beauty > Personal Care > Hair Care > Hair Color,
1dd-indica-easy-10-minute-shampoo-hair-colour-black-1-pack-r100,Hair Colour | Indica | 1 pack,Hair Colour | Indica | 1 pack. Fresh quality hair colour available for fast 1-day home delivery across town at best price ₹20.,in stock,new,20.00 INR,https://1dd.web.app/?item=1dd-indica-easy-10-minute-shampoo-hair-colour-black-1-pack-r100,https://1dd.web.app/images/products/Hair%20Colour%20%7C%20Indica%20%7C%201%20pack.jpg,Indica,Health & Beauty > Personal Care > Hair Care > Hair Color,
1dd-nihar-shanti-amla-badam-hair-oil-100-ml-r48,Hair Oil | Nihar | 100 ml,Hair Oil | Nihar | 100 ml. Fresh quality hair care available for fast 1-day home delivery across town at best price ₹80.,in stock,new,80.00 INR,https://1dd.web.app/?item=1dd-nihar-shanti-amla-badam-hair-oil-100-ml-r48,https://1dd.web.app/images/products/Hair%20Oil%20%7C%20Nihar%20%7C%20100%20ml.jpg,Nihar,Health & Beauty > Personal Care > Hair Care > Hair Oils & Serums,
1dd-parachute-100-pure-coconut-hair-oil-200-ml-r47,Hair Oil | Parachute Coconut | 200 ml,Hair Oil | Parachute Coconut | 200 ml. Fresh quality hair care available for fast 1-day home delivery across town at best price ₹100.,in stock,new,100.00 INR,https://1dd.web.app/?item=1dd-parachute-100-pure-coconut-hair-oil-200-ml-r47,https://1dd.web.app/images/products/Hair%20Oil%20%7C%20Parachute%20Coconut%20%7C%20200%20ml.jpg,Parachute,Health & Beauty > Personal Care > Hair Care > Hair Oils & Serums,
1dd-harpic-power-plus-original-disinfectant-toilet-cleaner-250ml-r97,Harpic | Harpic Original | 250ml,Harpic | Harpic Original | 250ml. Fresh quality home & hygiene available for fast 1-day home delivery across town at best price ₹40.,in stock,new,40.00 INR,https://1dd.web.app/?item=1dd-harpic-power-plus-original-disinfectant-toilet-cleaner-250ml-r97,https://1dd.web.app/images/products/Harpic%20%7C%20Harpic%20Original%20%7C%20250ml.jpg,Harpic,Home & Garden > Household Supplies > Household Cleaning Supplies,
1dd-everest-chicken-curry-masala-10g-r66,Masala | Everest Chicken Masala | 10g,Masala | Everest Chicken Masala | 10g. Fresh quality spices & masala (powder) available for fast 1-day home delivery across town at best price ₹5.,in stock,new,5.00 INR,https://1dd.web.app/?item=1dd-everest-chicken-curry-masala-10g-r66,https://1dd.web.app/images/products/Masala%20%7C%20Everest%20Chicken%20Masala%20%7C%2010g.jpg,Everest,"Food, Beverages & Tobacco > Food Items > Seasonings & Spices",
1dd-everest-coriander-dhania-powder-100-g-r58,Masala | Everest Dhania | 100 g,Masala | Everest Dhania | 100 g. Fresh quality spices & masala (powder) available for fast 1-day home delivery across town at best price ₹35.,in stock,new,35.00 INR,https://1dd.web.app/?item=1dd-everest-coriander-dhania-powder-100-g-r58,https://1dd.web.app/images/products/Masala%20%7C%20Everest%20Dhania%20%7C%20100%20g.png,Everest,"Food, Beverages & Tobacco > Food Items > Seasonings & Spices",
1dd-everest-coriander-dhania-powder-10g-r59,Masala | Everest Dhania | 10g,Masala | Everest Dhania | 10g. Fresh quality spices & masala (powder) available for fast 1-day home delivery across town at best price ₹5.,in stock,new,5.00 INR,https://1dd.web.app/?item=1dd-everest-coriander-dhania-powder-10g-r59,https://1dd.web.app/images/products/Masala%20%7C%20Everest%20Dhania%20%7C%2010g.jpg,Everest,"Food, Beverages & Tobacco > Food Items > Seasonings & Spices",
1dd-everest-garam-masala-powder-10g-r63,Masala | Everest Garam Masala | 10g,Masala | Everest Garam Masala | 10g. Fresh quality spices & masala (powder) available for fast 1-day home delivery across town at best price ₹5.,in stock,new,5.00 INR,https://1dd.web.app/?item=1dd-everest-garam-masala-powder-10g-r63,https://1dd.web.app/images/products/Masala%20%7C%20Everest%20Garam%20Masala%20%7C%2010g.jpg,Everest,"Food, Beverages & Tobacco > Food Items > Seasonings & Spices",
1dd-everest-garam-masala-powder-50-g-r62,Masala | Everest Garam Masala | 50 g,Masala | Everest Garam Masala | 50 g. Fresh quality spices & masala (powder) available for fast 1-day home delivery across town at best price ₹50.,in stock,new,50.00 INR,https://1dd.web.app/?item=1dd-everest-garam-masala-powder-50-g-r62,https://1dd.web.app/images/products/Masala%20%7C%20Everest%20Garam%20Masala%20%7C%2050%20g.jpg,Everest,"Food, Beverages & Tobacco > Food Items > Seasonings & Spices",
1dd-everest-pure-turmeric-haldi-powder-100-g-r73,Masala | Everest Haldi | 100 g,Masala | Everest Haldi | 100 g. Fresh quality spices & masala (powder) available for fast 1-day home delivery across town at best price ₹30.,in stock,new,30.00 INR,https://1dd.web.app/?item=1dd-everest-pure-turmeric-haldi-powder-100-g-r73,https://1dd.web.app/images/products/Masala%20%7C%20Everest%20Haldi%20%7C%20100%20g.webp,Everest,"Food, Beverages & Tobacco > Food Items > Seasonings & Spices",
1dd-everest-pure-turmeric-haldi-powder-10g-r74,Masala | Everest Haldi | 10g,Masala | Everest Haldi | 10g. Fresh quality spices & masala (powder) available for fast 1-day home delivery across town at best price ₹5.,in stock,new,5.00 INR,https://1dd.web.app/?item=1dd-everest-pure-turmeric-haldi-powder-10g-r74,https://1dd.web.app/images/products/Masala%20%7C%20Everest%20Haldi%20%7C%2010g.jpg,Everest,"Food, Beverages & Tobacco > Food Items > Seasonings & Spices",
1dd-everest-cumin-jeera-powder-10-g-r57,Masala | Everest Jeera | 10 g,Masala | Everest Jeera | 10 g. Fresh quality spices & masala (powder) available for fast 1-day home delivery across town at best price ₹5.,in stock,new,5.00 INR,https://1dd.web.app/?item=1dd-everest-cumin-jeera-powder-10-g-r57,https://1dd.web.app/images/products/Masala%20%7C%20Everest%20Jeera%20%7C%2010%20g.jpg,Everest,"Food, Beverages & Tobacco > Food Items > Seasonings & Spices",
1dd-everest-cumin-jeera-powder-100-g-r56,Masala | Everest Jeera | 100 g,Masala | Everest Jeera | 100 g. Fresh quality spices & masala (powder) available for fast 1-day home delivery across town at best price ₹80.,in stock,new,80.00 INR,https://1dd.web.app/?item=1dd-everest-cumin-jeera-powder-100-g-r56,https://1dd.web.app/images/products/Masala%20%7C%20Everest%20Jeera%20%7C%20100%20g.png,Everest,"Food, Beverages & Tobacco > Food Items > Seasonings & Spices",
1dd-everest-kashmiri-lal-chilli-powder-20g-r69,Masala | Everest Kashmiri Mirch | 20g,Masala | Everest Kashmiri Mirch | 20g. Fresh quality spices & masala (powder) available for fast 1-day home delivery across town at best price ₹10.,in stock,new,10.00 INR,https://1dd.web.app/?item=1dd-everest-kashmiri-lal-chilli-powder-20g-r69,https://1dd.web.app/images/products/Masala%20%7C%20Everest%20Kashmiri%20Mirch%20%7C%2020g.jpg,Everest,"Food, Beverages & Tobacco > Food Items > Seasonings & Spices",
1dd-everest-kashmiri-lal-chilli-powder-50g-r68,Masala | Everest Kashmiri Mirch | 50g,Masala | Everest Kashmiri Mirch | 50g. Fresh quality spices & masala (powder) available for fast 1-day home delivery across town at best price ₹55.,in stock,new,55.00 INR,https://1dd.web.app/?item=1dd-everest-kashmiri-lal-chilli-powder-50g-r68,https://1dd.web.app/images/products/Masala%20%7C%20Everest%20Kashmiri%20Mirch%20%7C%2050g.png,Everest,"Food, Beverages & Tobacco > Food Items > Seasonings & Spices",
1dd-everest-kitchen-king-all-in-one-masala-20g-r71,Masala | Everest Kitchen King | 20g,Masala | Everest Kitchen King | 20g. Fresh quality spices & masala (powder) available for fast 1-day home delivery across town at best price ₹10.,in stock,new,10.00 INR,https://1dd.web.app/?item=1dd-everest-kitchen-king-all-in-one-masala-20g-r71,https://1dd.web.app/images/products/Masala%20%7C%20Everest%20Kitchen%20King%20%7C%2020g.jpg,Everest,"Food, Beverages & Tobacco > Food Items > Seasonings & Spices",
1dd-everest-kitchen-king-all-in-one-masala-50g-r70,Masala | Everest Kitchen King | 50g,Masala | Everest Kitchen King | 50g. Fresh quality spices & masala (powder) available for fast 1-day home delivery across town at best price ₹55.,in stock,new,55.00 INR,https://1dd.web.app/?item=1dd-everest-kitchen-king-all-in-one-masala-50g-r70,https://1dd.web.app/images/products/Masala%20%7C%20Everest%20Kitchen%20King%20%7C%2050g.png,Everest,"Food, Beverages & Tobacco > Food Items > Seasonings & Spices",
1dd-everest-tikhalal-red-chilli-powder-100-g-r60,Masala | Everest Lal Mirch | 100 g,Masala | Everest Lal Mirch | 100 g. Fresh quality spices & masala (powder) available for fast 1-day home delivery across town at best price ₹55.,in stock,new,55.00 INR,https://1dd.web.app/?item=1dd-everest-tikhalal-red-chilli-powder-100-g-r60,https://1dd.web.app/images/products/Masala%20%7C%20Everest%20Lal%20Mirch%20%7C%20100%20g.jpg,Everest,"Food, Beverages & Tobacco > Food Items > Seasonings & Spices",
1dd-everest-tikhalal-red-chilli-powder-10g-r61,Masala | Everest Lal Mirch | 10g,Masala | Everest Lal Mirch | 10g. Fresh quality spices & masala (powder) available for fast 1-day home delivery across town at best price ₹5.,in stock,new,5.00 INR,https://1dd.web.app/?item=1dd-everest-tikhalal-red-chilli-powder-10g-r61,https://1dd.web.app/images/products/Masala%20%7C%20Everest%20Lal%20Mirch%20%7C%2010g.jpg,Everest,"Food, Beverages & Tobacco > Food Items > Seasonings & Spices",
1dd-everest-meat-curry-masala-10g-r65,Masala | Everest Meat Masala | 10g,Masala | Everest Meat Masala | 10g. Fresh quality spices & masala (powder) available for fast 1-day home delivery across town at best price ₹5.,in stock,new,5.00 INR,https://1dd.web.app/?item=1dd-everest-meat-curry-masala-10g-r65,https://1dd.web.app/images/products/Masala%20%7C%20Everest%20Meat%20Masala%20%7C%2010g.jpg,Everest,"Food, Beverages & Tobacco > Food Items > Seasonings & Spices",
1dd-everest-meat-curry-masala-50g-r64,Masala | Everest Meat Masala | 50g,Masala | Everest Meat Masala | 50g. Fresh quality spices & masala (powder) available for fast 1-day home delivery across town at best price ₹55.,in stock,new,55.00 INR,https://1dd.web.app/?item=1dd-everest-meat-curry-masala-50g-r64,https://1dd.web.app/images/products/Masala%20%7C%20Everest%20Meat%20Masala%20%7C%2050g.jpg,Everest,"Food, Beverages & Tobacco > Food Items > Seasonings & Spices",
1dd-everest-shahi-paneer-masala-20g-r67,Masala | Everest Shahi Paneer | 20g,Masala | Everest Shahi Paneer | 20g. Fresh quality spices & masala (powder) available for fast 1-day home delivery across town at best price ₹10.,in stock,new,10.00 INR,https://1dd.web.app/?item=1dd-everest-shahi-paneer-masala-20g-r67,https://1dd.web.app/images/products/Masala%20%7C%20Everest%20Shahi%20Paneer%20%7C%2020g.jpg,Everest,"Food, Beverages & Tobacco > Food Items > Seasonings & Spices",
1dd-maggi-masala-ae-magic-cooking-seasoning-10g-r72,Masala | Maggi Masala-e-Magic | 10g,Masala | Maggi Masala-e-Magic | 10g. Fresh quality spices & masala (powder) available for fast 1-day home delivery across town at best price ₹5.,in stock,new,5.00 INR,https://1dd.web.app/?item=1dd-maggi-masala-ae-magic-cooking-seasoning-10g-r72,https://1dd.web.app/images/products/Masala%20%7C%20Maggi%20Masala-e-Magic%20%7C%2010g.jpg,Maggi,"Food, Beverages & Tobacco > Food Items > Seasonings & Spices",
1dd-safety-matchboxes-bundle-solai-pack-of-10-r103,Matches | Aim Safety Matches | Bundle,Matches | Aim Safety Matches | Bundle. Fresh quality matches & household available for fast 1-day home delivery across town at best price ₹10.,in stock,new,10.00 INR,https://1dd.web.app/?item=1dd-safety-matchboxes-bundle-solai-pack-of-10-r103,https://1dd.web.app/images/products/Matches%20%7C%20Aim%20Safety%20Matches%20%7C%20Bundle.jpg,Aim,Home & Garden > Household Supplies > Matches & Lighters,
1dd-namaste-india-pure-toned-milk-1-l-r55,Milk | Namaste India | 1 L,Milk | Namaste India | 1 L. Fresh quality fresh milk available for fast 1-day home delivery across town at best price ₹75.,in stock,new,75.00 INR,https://1dd.web.app/?item=1dd-namaste-india-pure-toned-milk-1-l-r55,https://1dd.web.app/images/products/Milk%20%7C%20Namaste%20India%20%7C%201%20L.png,Namaste India,"Food, Beverages & Tobacco > Dairy Products > Milk",
1dd-namaste-india-pure-toned-milk-200ml-r54,Milk | Namaste India | 200ml,Milk | Namaste India | 200ml. Fresh quality fresh milk available for fast 1-day home delivery across town at best price ₹15.,in stock,new,15.00 INR,https://1dd.web.app/?item=1dd-namaste-india-pure-toned-milk-200ml-r54,https://1dd.web.app/images/products/Milk%20%7C%20Namaste%20India%20%7C%20200ml.jpg,Namaste India,"Food, Beverages & Tobacco > Dairy Products > Milk",
1dd-puffed-rice-muri-murmura-500g-r28,Muri | Daily Fresh | 500g,Muri | Daily Fresh | 500g. Fresh quality breakfast & staples available for fast 1-day home delivery across town at best price ₹30.,in stock,new,30.00 INR,https://1dd.web.app/?item=1dd-puffed-rice-muri-murmura-500g-r28,https://1dd.web.app/images/products/Muri%20%7C%20Daily%20Fresh%20%7C%20500g.jpg,Daily Fresh,"Food, Beverages & Tobacco > Food Items > Grains, Rice & Cereal",
1dd-korean-spicy-veg-ramen-instant-noodles-r123,Noodles | Korean Spicy Shin Ramyun | Standard,Noodles | Korean Spicy Shin Ramyun | Standard. Fresh quality noodles & instant food available for fast 1-day home delivery across town at best price ₹10.,in stock,new,10.00 INR,https://1dd.web.app/?item=1dd-korean-spicy-veg-ramen-instant-noodles-r123,https://1dd.web.app/images/products/Noodles%20%7C%20Korean%20Spicy%20Shin%20Ramyun%20%7C%20Standard.jpg,Nongshim,"Food, Beverages & Tobacco > Food Items > Pasta & Noodles",
1dd-maggi-2-minute-masala-instant-noodles-r122,Noodles | Maggi 2-Minute | Standard,Noodles | Maggi 2-Minute | Standard. Fresh quality noodles & instant food available for fast 1-day home delivery across town at best price ₹10.,in stock,new,10.00 INR,https://1dd.web.app/?item=1dd-maggi-2-minute-masala-instant-noodles-r122,https://1dd.web.app/images/products/Noodles%20%7C%20Maggi%202-Minute%20%7C%20Standard.jpg,Maggi,"Food, Beverages & Tobacco > Food Items > Pasta & Noodles",
1dd-mimi-ready-to-eat-crunchy-instant-noodles-r124,Noodles | Mimi Ready-to-Eat | Standard,Noodles | Mimi Ready-to-Eat | Standard. Fresh quality noodles & instant food available for fast 1-day home delivery across town at best price ₹5.,in stock,new,5.00 INR,https://1dd.web.app/?item=1dd-mimi-ready-to-eat-crunchy-instant-noodles-r124,https://1dd.web.app/images/products/Noodles%20%7C%20Mimi%20Ready-to-Eat%20%7C%20Standard.png,Mimi,"Food, Beverages & Tobacco > Food Items > Pasta & Noodles",
1dd-dhara-kachi-ghani-mustard-oil-1-l-r2,Oil | Dhara | 1 L,Oil | Dhara | 1 L. Fresh quality cooking oil available for fast 1-day home delivery across town at best price ₹200.,in stock,new,200.00 INR,https://1dd.web.app/?item=1dd-dhara-kachi-ghani-mustard-oil-1-l-r2,https://1dd.web.app/images/products/Oil%20%7C%20Dhara%20%7C%201%20L.jpg,Dhara,"Food, Beverages & Tobacco > Food Items > Cooking & Baking Ingredients > Cooking Oils",
1dd-fortune-refined-soyabean-cooking-oil-1-l-r4,Oil | Fortune Refined | 1 L,Oil | Fortune Refined | 1 L. Fresh quality cooking oil available for fast 1-day home delivery across town at best price ₹140.,in stock,new,140.00 INR,https://1dd.web.app/?item=1dd-fortune-refined-soyabean-cooking-oil-1-l-r4,https://1dd.web.app/images/products/Oil%20%7C%20Fortune%20Refined%20%7C%201%20L.png,Fortune,"Food, Beverages & Tobacco > Food Items > Cooking & Baking Ingredients > Cooking Oils",
1dd-fortune-sunlite-refined-sunflower-oil-1-l-r3,Oil | Fortune | 1 L,Oil | Fortune | 1 L. Fresh quality cooking oil available for fast 1-day home delivery across town at best price ₹200.,in stock,new,200.00 INR,https://1dd.web.app/?item=1dd-fortune-sunlite-refined-sunflower-oil-1-l-r3,https://1dd.web.app/images/products/Oil%20%7C%20Fortune%20%7C%201%20L.jpg,Fortune,"Food, Beverages & Tobacco > Food Items > Cooking & Baking Ingredients > Cooking Oils",
1dd-hanuman-mustard-cooking-oil-1-2l-r5,Oil | Hanuman Mustard | 1/2L,Oil | Hanuman Mustard | 1/2L. Fresh quality cooking oil available for fast 1-day home delivery across town at best price ₹70.,in stock,new,70.00 INR,https://1dd.web.app/?item=1dd-hanuman-mustard-cooking-oil-1-2l-r5,https://1dd.web.app/images/products/Oil%20%7C%20Hanuman%20Mustard%20%7C%201-2L.jpg,Hanuman,"Food, Beverages & Tobacco > Food Items > Cooking & Baking Ingredients > Cooking Oils",
1dd-fresh-red-onion-piyaj-1kg,Onion | Fresh Red (পিয়াঁজ) | 1 kg,Onion | Fresh Red (পিয়াঁজ) | 1 kg. Fresh quality vegetables available for fast 1-day home delivery across town at best price ₹60.,in stock,new,60.00 INR,https://1dd.web.app/?item=1dd-fresh-red-onion-piyaj-1kg,https://1dd.web.app/images/products/Onion%20%7C%20Fresh%20Red%20%28%E0%A6%AA%E0%A6%BF%E0%A6%AF%E0%A6%BC%E0%A6%BE%E0%A6%81%E0%A6%9C%29%20%7C%201%20kg.jpg,Daily Fresh,"Food, Beverages & Tobacco > Food Items > Fresh & Frozen Food > Fresh Vegetables",
1dd-fresh-red-onion-piyaj-500g,Onion | Fresh Red (পিয়াঁজ) | 500g,Onion | Fresh Red (পিয়াঁজ) | 500g. Fresh quality vegetables available for fast 1-day home delivery across town at best price ₹30.,in stock,new,30.00 INR,https://1dd.web.app/?item=1dd-fresh-red-onion-piyaj-500g,https://1dd.web.app/images/products/Onion%20%7C%20Fresh%20Red%20%28%E0%A6%AA%E0%A6%BF%E0%A6%AF%E0%A6%BC%E0%A6%BE%E0%A6%81%E0%A6%9C%29%20%7C%20500g.jpg,Daily Fresh,"Food, Beverages & Tobacco > Food Items > Fresh & Frozen Food > Fresh Vegetables",
1dd-white-disinfectant-phenyle-floor-cleaner-250ml-r96,Phenyle | White Phenyle | 250ml,Phenyle | White Phenyle | 250ml. Fresh quality home & hygiene available for fast 1-day home delivery across town at best price ₹40.,in stock,new,40.00 INR,https://1dd.web.app/?item=1dd-white-disinfectant-phenyle-floor-cleaner-250ml-r96,https://1dd.web.app/images/products/Phenyle%20%7C%20White%20Phenyle%20%7C%20250ml.png,CleanHome,Home & Garden > Household Supplies > Household Cleaning Supplies,
1dd-fresh-local-potato-aloo-1kg,Potato | Fresh Local (আলু) | 1 kg,Potato | Fresh Local (আলু) | 1 kg. Fresh farm-picked quality vegetables available for fast 1-day home delivery across town at best price ₹15.,in stock,new,15.00 INR,https://1dd.web.app/?item=1dd-fresh-local-potato-aloo-1kg,https://1dd.web.app/images/products/Potato%20%7C%20Fresh%20Local%20%28%E0%A6%86%E0%A6%B2%E0%A7%81%29%20%7C%201%20kg.jpg,Daily Fresh,"Food, Beverages & Tobacco > Food Items > Fresh & Frozen Food > Fresh Vegetables",
1dd-fresh-local-potato-aloo-500g,Potato | Fresh Local (আলু) | 500g,Potato | Fresh Local (আলু) | 500g. Fresh farm-picked quality vegetables available for fast 1-day home delivery across town at best price ₹8.,in stock,new,8.00 INR,https://1dd.web.app/?item=1dd-fresh-local-potato-aloo-500g,https://1dd.web.app/images/products/Potato%20%7C%20Fresh%20Local%20%28%E0%A6%86%E0%A6%B2%E0%A7%81%29%20%7C%20500g.jpg,Daily Fresh,"Food, Beverages & Tobacco > Food Items > Fresh & Frozen Food > Fresh Vegetables",
1dd-tur-arhar-dal-toor-dal-1-kg-r8,Pulses | Arhar (ৰহৰ দাইল) | 1 kg,Pulses | Arhar (ৰহৰ দাইল) | 1 kg. Fresh quality pulses & dals available for fast 1-day home delivery across town at best price ₹130.,in stock,new,130.00 INR,https://1dd.web.app/?item=1dd-tur-arhar-dal-toor-dal-1-kg-r8,https://1dd.web.app/images/products/Pulses%20%7C%20Arhar%20(%E0%A7%B0%E0%A6%B9%E0%A7%B0%20%E0%A6%A6%E0%A6%BE%E0%A6%87%E0%A6%B2)%20%7C%201%20kg.jpg,Daily Fresh,"Food, Beverages & Tobacco > Food Items > Grains, Rice & Cereal",
1dd-chana-dal-but-dal-split-bengal-gram-1-kg-r9,Pulses | But Dal (বুটৰ দাইল) | 1 kg,Pulses | But Dal (বুটৰ দাইল) | 1 kg. Fresh quality pulses & dals available for fast 1-day home delivery across town at best price ₹90.,in stock,new,90.00 INR,https://1dd.web.app/?item=1dd-chana-dal-but-dal-split-bengal-gram-1-kg-r9,https://1dd.web.app/images/products/Pulses%20%7C%20But%20Dal%20(%E0%A6%AC%E0%A7%81%E0%A6%9F%E0%A7%B0%20%E0%A6%A6%E0%A6%BE%E0%A6%87%E0%A6%B2)%20%7C%201%20kg.jpeg,Daily Fresh,"Food, Beverages & Tobacco > Food Items > Grains, Rice & Cereal",
1dd-fola-mogu-dal-green-split-moong-chilka-1kg-r12,Pulses | Fola Mogu (ফলা মগু) | 1kg,Pulses | Fola Mogu (ফলা মগু) | 1kg. Fresh quality pulses & dals available for fast 1-day home delivery across town at best price ₹90.,in stock,new,90.00 INR,https://1dd.web.app/?item=1dd-fola-mogu-dal-green-split-moong-chilka-1kg-r12,https://1dd.web.app/images/products/Pulses%20%7C%20Fola%20Mogu%20(%E0%A6%AB%E0%A6%B2%E0%A6%BE%20%E0%A6%AE%E0%A6%97%E0%A7%81)%20%7C%201kg.jpg,Daily Fresh,"Food, Beverages & Tobacco > Food Items > Grains, Rice & Cereal",
1dd-premium-red-masoor-dal-1-kg-r6,Pulses | Masoor (মচুৰ দাইল - Premium) | 1 kg,Pulses | Masoor (মচুৰ দাইল - Premium) | 1 kg. Fresh quality pulses & dals available for fast 1-day home delivery across town at best price ₹100.,in stock,new,100.00 INR,https://1dd.web.app/?item=1dd-premium-red-masoor-dal-1-kg-r6,https://1dd.web.app/images/products/Pulses%20%7C%20Masoor%20(%E0%A6%AE%E0%A6%9A%E0%A7%81%E0%A7%B0%20%E0%A6%A6%E0%A6%BE%E0%A6%87%E0%A6%B2%20-%20Premium)%20%7C%201%20kg.jpeg,Daily Fresh,"Food, Beverages & Tobacco > Food Items > Grains, Rice & Cereal",
1dd-standard-red-masoor-dal-1-kg-r7,Pulses | Masoor (মচুৰ দাইল - Standard) | 1 kg,Pulses | Masoor (মচুৰ দাইল - Standard) | 1 kg. Fresh quality pulses & dals available for fast 1-day home delivery across town at best price ₹90.,in stock,new,90.00 INR,https://1dd.web.app/?item=1dd-standard-red-masoor-dal-1-kg-r7,https://1dd.web.app/images/products/Pulses%20%7C%20Masoor%20(%E0%A6%AE%E0%A6%9A%E0%A7%81%E0%A7%B0%20%E0%A6%A6%E0%A6%BE%E0%A6%87%E0%A6%B2%20-%20Standard)%20%7C%201%20kg.jpeg,Daily Fresh,"Food, Beverages & Tobacco > Food Items > Grains, Rice & Cereal",
1dd-yellow-moong-dal-split-1-kg-r10,Pulses | Moong Dal (মগু দাইল) | 1 kg,Pulses | Moong Dal (মগু দাইল) | 1 kg. Fresh quality pulses & dals available for fast 1-day home delivery across town at best price ₹120.,in stock,new,120.00 INR,https://1dd.web.app/?item=1dd-yellow-moong-dal-split-1-kg-r10,https://1dd.web.app/images/products/Pulses%20%7C%20Moong%20Dal%20(%E0%A6%AE%E0%A6%97%E0%A7%81%20%E0%A6%A6%E0%A6%BE%E0%A6%87%E0%A6%B2)%20%7C%201%20kg.jpeg,Daily Fresh,"Food, Beverages & Tobacco > Food Items > Grains, Rice & Cereal",
1dd-yellow-moong-dal-split-500-g-r11,Pulses | Moong Dal (মগু দাইল) | 500 g,Pulses | Moong Dal (মগু দাইল) | 500 g. Fresh quality pulses & dals available for fast 1-day home delivery across town at best price ₹60.,in stock,new,60.00 INR,https://1dd.web.app/?item=1dd-yellow-moong-dal-split-500-g-r11,https://1dd.web.app/images/products/Pulses%20%7C%20Moong%20Dal%20(%E0%A6%AE%E0%A6%97%E0%A7%81%20%E0%A6%A6%E0%A6%BE%E0%A6%87%E0%A6%B2)%20%7C%20500%20g.jpg,Daily Fresh,"Food, Beverages & Tobacco > Food Items > Grains, Rice & Cereal",
1dd-everyday-crystal-iodised-salt-1-kg-r105,Salt | Everyday | 1 kg,Salt | Everyday | 1 kg. Fresh quality iodised salt available for fast 1-day home delivery across town at best price ₹10.,in stock,new,10.00 INR,https://1dd.web.app/?item=1dd-everyday-crystal-iodised-salt-1-kg-r105,https://1dd.web.app/images/products/Salt%20%7C%20Everyday%20%7C%201%20kg.jpeg,Everyday,"Food, Beverages & Tobacco > Food Items > Seasonings & Spices > Salt",
1dd-taza-refined-iodised-table-salt-1kg-r104,Salt | Taza | 1kg,Salt | Taza | 1kg. Fresh quality iodised salt available for fast 1-day home delivery across town at best price ₹10.,in stock,new,10.00 INR,https://1dd.web.app/?item=1dd-taza-refined-iodised-table-salt-1kg-r104,https://1dd.web.app/images/products/Salt%20%7C%20Taza%20%7C%201kg.jpg,Taza,"Food, Beverages & Tobacco > Food Items > Seasonings & Spices > Salt",
1dd-z-premium-pure-iodised-salt-1-kg-r106,Salt | Z + | 1 kg,Salt | Z + | 1 kg. Fresh quality iodised salt available for fast 1-day home delivery across town at best price ₹15.,in stock,new,15.00 INR,https://1dd.web.app/?item=1dd-z-premium-pure-iodised-salt-1-kg-r106,https://1dd.web.app/images/products/Salt%20%7C%20Z%20%2B%20%7C%201%20kg.jpg,Z+,"Food, Beverages & Tobacco > Food Items > Seasonings & Spices > Salt",
1dd-crispy-sira-chira-flattened-rice-poha-1kg-r27,Sira (চিৰা) | Daily Fresh | 1kg,Sira (চিৰা) | Daily Fresh | 1kg. Fresh quality breakfast & staples available for fast 1-day home delivery across town at best price ₹45.,in stock,new,45.00 INR,https://1dd.web.app/?item=1dd-crispy-sira-chira-flattened-rice-poha-1kg-r27,https://1dd.web.app/images/products/Sira%20(%E0%A6%9A%E0%A6%BF%E0%A7%B0%E0%A6%BE)%20%7C%20Daily%20Fresh%20%7C%201kg.jpg,Daily Fresh,"Food, Beverages & Tobacco > Food Items > Grains, Rice & Cereal",
1dd-astha-herbal-bath-soap-1-pc-r32,Soap | Astha | 1 pc,Soap | Astha | 1 pc. Fresh quality soaps & cleansing available for fast 1-day home delivery across town at best price ₹40.,in stock,new,40.00 INR,https://1dd.web.app/?item=1dd-astha-herbal-bath-soap-1-pc-r32,https://1dd.web.app/images/products/Soap%20%7C%20Astha%20%7C%201%20pc.jpg,Astha,Health & Beauty > Personal Care > Bath & Body > Bar Soap,
1dd-dettol-original-germ-protection-bath-soap-1-pc-r35,Soap | Detol | 1 pc,Soap | Detol | 1 pc. Fresh quality soaps & cleansing available for fast 1-day home delivery across town at best price ₹10.,in stock,new,10.00 INR,https://1dd.web.app/?item=1dd-dettol-original-germ-protection-bath-soap-1-pc-r35,https://1dd.web.app/images/products/Soap%20%7C%20Detol%20%7C%201%20pc.jpg,Dettol,Health & Beauty > Personal Care > Bath & Body > Bar Soap,
1dd-exo-anti-bacterial-dishwash-bar-1-pc-r34,Soap | Exo | 1 pc,Soap | Exo | 1 pc. Fresh quality soaps & cleansing available for fast 1-day home delivery across town at best price ₹5.,in stock,new,5.00 INR,https://1dd.web.app/?item=1dd-exo-anti-bacterial-dishwash-bar-1-pc-r34,https://1dd.web.app/images/products/Soap%20%7C%20Exo%20%7C%201%20pc.jpg,Exo,Health & Beauty > Personal Care > Bath & Body > Bar Soap,
1dd-goodluck-laundry-washing-soap-bar-1-pc-r39,Soap | Goodluck | 1 pc,Soap | Goodluck | 1 pc. Fresh quality soaps & cleansing available for fast 1-day home delivery across town at best price ₹30.,in stock,new,30.00 INR,https://1dd.web.app/?item=1dd-goodluck-laundry-washing-soap-bar-1-pc-r39,https://1dd.web.app/images/products/Soap%20%7C%20Goodluck%20%7C%201%20pc.jpg,Goodluck,Health & Beauty > Personal Care > Bath & Body > Bar Soap,
1dd-lifebuoy-total-germ-protection-soap-bar-1-pc-r38,Soap | Lifebuoy | 1 pc,Soap | Lifebuoy | 1 pc. Fresh quality soaps & cleansing available for fast 1-day home delivery across town at best price ₹30.,in stock,new,30.00 INR,https://1dd.web.app/?item=1dd-lifebuoy-total-germ-protection-soap-bar-1-pc-r38,https://1dd.web.app/images/products/Soap%20%7C%20Lifebuoy%20%7C%201%20pc.png,Lifebuoy,Health & Beauty > Personal Care > Bath & Body > Bar Soap,
1dd-lux-international-creamy-perfection-soap-1-pc-r40,Soap | Lux International | 1 pc,Soap | Lux International | 1 pc. Fresh quality soaps & cleansing available for fast 1-day home delivery across town at best price ₹40.,in stock,new,40.00 INR,https://1dd.web.app/?item=1dd-lux-international-creamy-perfection-soap-1-pc-r40,https://1dd.web.app/images/products/Soap%20%7C%20Lux%20International%20%7C%201%20pc.jpg,Lux,Health & Beauty > Personal Care > Bath & Body > Bar Soap,
1dd-lux-rose-vitamin-e-beauty-bath-soap-1-pc-r37,Soap | Lux | 1 pc,Soap | Lux | 1 pc. Fresh quality soaps & cleansing available for fast 1-day home delivery across town at best price ₹30.,in stock,new,30.00 INR,https://1dd.web.app/?item=1dd-lux-rose-vitamin-e-beauty-bath-soap-1-pc-r37,https://1dd.web.app/images/products/Soap%20%7C%20Lux%20%7C%201%20pc.jpg,Lux,Health & Beauty > Personal Care > Bath & Body > Bar Soap,
1dd-pari-detergent-laundry-washing-bar-1-pc-r41,Soap | Pari | 1 pc,Soap | Pari | 1 pc. Fresh quality soaps & cleansing available for fast 1-day home delivery across town at best price ₹10.,in stock,new,10.00 INR,https://1dd.web.app/?item=1dd-pari-detergent-laundry-washing-bar-1-pc-r41,https://1dd.web.app/images/products/Soap%20%7C%20Pari%20%7C%201%20pc.jpg,Pari,Health & Beauty > Personal Care > Bath & Body > Bar Soap,
1dd-patanjali-herbal-dishwash-bath-bar-1-pc-r33,Soap | Patanjali Bar | 1 pc,Soap | Patanjali Bar | 1 pc. Fresh quality soaps & cleansing available for fast 1-day home delivery across town at best price ₹10.,in stock,new,10.00 INR,https://1dd.web.app/?item=1dd-patanjali-herbal-dishwash-bath-bar-1-pc-r33,https://1dd.web.app/images/products/Soap%20%7C%20Patanjali%20Bar%20%7C%201%20pc.jpg,Patanjali,Health & Beauty > Personal Care > Bath & Body > Bar Soap,
1dd-snowball-laundry-soap-bar-1-pc-r31,Soap | SnowBall | 1 pc,Soap | SnowBall | 1 pc. Fresh quality soaps & cleansing available for fast 1-day home delivery across town at best price ₹40.,in stock,new,40.00 INR,https://1dd.web.app/?item=1dd-snowball-laundry-soap-bar-1-pc-r31,https://1dd.web.app/images/products/Soap%20%7C%20SnowBall%20%7C%201%20pc.jpg,Snowball,Health & Beauty > Personal Care > Bath & Body > Bar Soap,
1dd-vivel-aloe-vera-vitamin-e-bath-soap-1-pc-r36,Soap | Vivel | 1 pc,Soap | Vivel | 1 pc. Fresh quality soaps & cleansing available for fast 1-day home delivery across town at best price ₹10.,in stock,new,10.00 INR,https://1dd.web.app/?item=1dd-vivel-aloe-vera-vitamin-e-bath-soap-1-pc-r36,https://1dd.web.app/images/products/Soap%20%7C%20Vivel%20%7C%201%20pc.png,Vivel,Health & Beauty > Personal Care > Bath & Body > Bar Soap,
1dd-pure-refined-white-sugar-cheeni-1-kg-r23,Sugar | Madhur | 1 kg,Sugar | Madhur | 1 kg. Fresh quality sugar available for fast 1-day home delivery across town at best price ₹65.,in stock,new,65.00 INR,https://1dd.web.app/?item=1dd-pure-refined-white-sugar-cheeni-1-kg-r23,https://1dd.web.app/images/products/Sugar%20%7C%20Madhur%20%7C%201%20kg.jpg,Madhur,"Food, Beverages & Tobacco > Food Items > Cooking & Baking Ingredients > Sugar & Sweeteners",
1dd-fine-suji-rava-semolina-500g-r30,Suji | Normal | 500g,Suji | Normal | 500g. Fresh quality breakfast & staples available for fast 1-day home delivery across town at best price ₹30.,in stock,new,30.00 INR,https://1dd.web.app/?item=1dd-fine-suji-rava-semolina-500g-r30,https://1dd.web.app/images/products/Suji%20%7C%20Normal%20%7C%20500g.jpeg,Normal,"Food, Beverages & Tobacco > Food Items > Grains, Rice & Cereal",
1dd-surf-excel-easy-wash-detergent-powder-1-kg-r44,Surf | Surf Excel | 1 kg,Surf | Surf Excel | 1 kg. Fresh quality laundry & detergents available for fast 1-day home delivery across town at best price ₹140.,in stock,new,140.00 INR,https://1dd.web.app/?item=1dd-surf-excel-easy-wash-detergent-powder-1-kg-r44,https://1dd.web.app/images/products/Surf%20%7C%20Surf%20Excel%20%7C%201%20kg.jpg,Surf Excel,Home & Garden > Household Supplies > Household Cleaning Supplies > Laundry Detergent,
1dd-surf-excel-easy-wash-detergent-powder-500-g-r43,Surf | Surf Excel | 500 g,Surf | Surf Excel | 500 g. Fresh quality laundry & detergents available for fast 1-day home delivery across town at best price ₹70.,in stock,new,70.00 INR,https://1dd.web.app/?item=1dd-surf-excel-easy-wash-detergent-powder-500-g-r43,https://1dd.web.app/images/products/Surf%20%7C%20Surf%20Excel%20%7C%20500%20g.png,Surf Excel,Home & Garden > Household Supplies > Household Cleaning Supplies > Laundry Detergent,
1dd-surf-excel-easy-wash-detergent-powder-10-packet-r42,Surf | Surf Excel | ₹10 packet,Surf | Surf Excel | ₹10 packet. Fresh quality laundry & detergents available for fast 1-day home delivery across town at best price ₹10.,in stock,new,10.00 INR,https://1dd.web.app/?item=1dd-surf-excel-easy-wash-detergent-powder-10-packet-r42,https://1dd.web.app/images/products/Surf%20%7C%20Surf%20Excel%20%7C%20%E2%82%B910%20packet.jpg,Surf Excel,Home & Garden > Household Supplies > Household Cleaning Supplies > Laundry Detergent,
1dd-tide-plus-jasmine-rose-extra-power-chandan-500-r46,Surf | Tide (Chandan) | 500 g,Surf | Tide (Chandan) | 500 g. Fresh quality laundry & detergents available for fast 1-day home delivery across town at best price ₹80.,in stock,new,80.00 INR,https://1dd.web.app/?item=1dd-tide-plus-jasmine-rose-extra-power-chandan-500-r46,https://1dd.web.app/images/products/Surf%20%7C%20Tide%20(Chandan)%20%7C%20500%20g.jpg,Tide,Home & Garden > Household Supplies > Household Cleaning Supplies > Laundry Detergent,
1dd-tide-plus-extra-power-lemon-mint-lemon-500-r45,Surf | Tide (Lemon) | 500 g,Surf | Tide (Lemon) | 500 g. Fresh quality laundry & detergents available for fast 1-day home delivery across town at best price ₹70.,in stock,new,70.00 INR,https://1dd.web.app/?item=1dd-tide-plus-extra-power-lemon-mint-lemon-500-r45,https://1dd.web.app/images/products/Surf%20%7C%20Tide%20(Lemon)%20%7C%20500%20g.jpg,Tide,Home & Garden > Household Supplies > Household Cleaning Supplies > Laundry Detergent,
1dd-archana-assam-ctc-strong-tea-250-g-r24,Tea (চাহ) | Archana | 250 g,Tea (চাহ) | Archana | 250 g. Fresh quality tea & beverages available for fast 1-day home delivery across town at best price ₹60.,in stock,new,60.00 INR,https://1dd.web.app/?item=1dd-archana-assam-ctc-strong-tea-250-g-r24,https://1dd.web.app/images/products/Tea%20(%E0%A6%9A%E0%A6%BE%E0%A6%B9)%20%7C%20Archana%20%7C%20250%20g.jpg,Archana,"Food, Beverages & Tobacco > Beverages > Tea & Infusions",
1dd-nameri-premium-assam-ctc-tea-250-g-r25,Tea (চাহ) | Nameri | 250 g,Tea (চাহ) | Nameri | 250 g. Fresh quality tea & beverages available for fast 1-day home delivery across town at best price ₹80.,in stock,new,80.00 INR,https://1dd.web.app/?item=1dd-nameri-premium-assam-ctc-tea-250-g-r25,https://1dd.web.app/images/products/Tea%20(%E0%A6%9A%E0%A6%BE%E0%A6%B9)%20%7C%20Nameri%20%7C%20250%20g.jpg,Nameri,"Food, Beverages & Tobacco > Beverages > Tea & Infusions",
1dd-sonitpur-gold-ctc-assam-tea-500g-r26,Tea (চাহ) | Sonitpur | 500g,Tea (চাহ) | Sonitpur | 500g. Fresh quality tea & beverages available for fast 1-day home delivery across town at best price ₹110.,in stock,new,110.00 INR,https://1dd.web.app/?item=1dd-sonitpur-gold-ctc-assam-tea-500g-r26,https://1dd.web.app/images/products/Tea%20(%E0%A6%9A%E0%A6%BE%E0%A6%B9)%20%7C%20Sonitpur%20%7C%20500g.jpg,Sonitpur,"Food, Beverages & Tobacco > Beverages > Tea & Infusions",
1dd-colgate-strong-teeth-anticavity-toothpaste-100-g-r87,Tooth Paste | Colgate | 100 g,Tooth Paste | Colgate | 100 g. Fresh quality oral care & toothpaste available for fast 1-day home delivery across town at best price ₹75.,in stock,new,75.00 INR,https://1dd.web.app/?item=1dd-colgate-strong-teeth-anticavity-toothpaste-100-g-r87,https://1dd.web.app/images/products/Tooth%20Paste%20%7C%20Colgate%20%7C%20100%20g.jpg,Colgate,Health & Beauty > Personal Care > Oral Care > Toothpaste,
1dd-dabur-red-ayurvedic-toothpaste-100-g-r89,Tooth Paste | Dabur Red | 100 g,Tooth Paste | Dabur Red | 100 g. Fresh quality oral care & toothpaste available for fast 1-day home delivery across town at best price ₹70.,in stock,new,70.00 INR,https://1dd.web.app/?item=1dd-dabur-red-ayurvedic-toothpaste-100-g-r89,https://1dd.web.app/images/products/Tooth%20Paste%20%7C%20Dabur%20Red%20%7C%20100%20g.webp,Dabur,Health & Beauty > Personal Care > Oral Care > Toothpaste,
1dd-patanjali-dant-kanti-natural-toothpaste-100-g-r88,Tooth Paste | Patanjali | 100 g,Tooth Paste | Patanjali | 100 g. Fresh quality oral care & toothpaste available for fast 1-day home delivery across town at best price ₹55.,in stock,new,55.00 INR,https://1dd.web.app/?item=1dd-patanjali-dant-kanti-natural-toothpaste-100-g-r88,https://1dd.web.app/images/products/Tooth%20Paste%20%7C%20Patanjali%20%7C%20100%20g.webp,Patanjali,Health & Beauty > Personal Care > Oral Care > Toothpaste,
1dd-sensodyne-fresh-mint-sensitivity-toothpaste-70-g-r90,Tooth Paste | Sensodyne | 70 g,Tooth Paste | Sensodyne | 70 g. Fresh quality oral care & toothpaste available for fast 1-day home delivery across town at best price ₹170.,in stock,new,170.00 INR,https://1dd.web.app/?item=1dd-sensodyne-fresh-mint-sensitivity-toothpaste-70-g-r90,https://1dd.web.app/images/products/Tooth%20Paste%20%7C%20Sensodyne%20%7C%2070%20g.jpg,Sensodyne,Health & Beauty > Personal Care > Oral Care > Toothpaste,
